l,TT,3:EE,4:TE,
2,281000,0.0221,67.7,
3,29700,0.0189,17.4,
4,4380,0.0183,6.39,
5,1140,0.0161,2.77,
6,552,0.0121,1.4,
7,381,0.00784,0.786,
8,305,0.00451,0.484,
9,263,0.00251,0.322,
10,234,0.00163,0.229,
11,214,0.00138,0.176,
12,200,0.00132,0.149,
13,188,0.00123,0.138,
14,180,0.00109,0.139,
15,173,0.00095,0.147,
16,168,0.000877,0.158,
17,163,0.000885,0.17,
18,160,0.000943,0.181,
19,158,0.00101,0.191,
20,156,0.00105,0.198,
21,154,0.00109,0.203,
22,154,0.00112,0.207,
23,153,0.0012,0.21,
24,153,0.00132,0.213,
25,153,0.00149,0.217,
26,153,0.0017,0.221,
27,154,0.00194,0.227,
28,154,0.00221,0.233,
29,155,0.00251,0.24,
30,156,0.00284,0.246,
31,157,0.00319,0.252,
32,159,0.00356,0.257,
33,160,0.00396,0.26,
34,161,0.00437,0.261,
35,163,0.0048,0.26,
36,165,0.00526,0.257,
37,167,0.00574,0.252,
38,168,0.00626,0.246,
39,170,0.00682,0.238,
40,172,0.00742,0.23,
41,174,0.00806,0.22,
42,176,0.00873,0.209,
43,179,0.00944,0.197,
44,181,0.0102,0.184,
45,183,0.011,0.17,
46,185,0.0118,0.154,
47,188,0.0126,0.136,
48,190,0.0135,0.116,
49,192,0.0145,0.094,
50,195,0.0154,0.0703,
51,198,0.0164,0.0445,
52,200,0.0175,0.0167,
53,203,0.0185,-0.0128,
54,205,0.0197,-0.0439,
55,208,0.0208,-0.0766,
56,211,0.022,-0.111,
57,213,0.0232,-0.147,
58,216,0.0245,-0.184,
59,219,0.0258,-0.222,
60,222,0.0271,-0.263,
61,225,0.0285,-0.305,
62,228,0.0299,-0.348,
63,231,0.0314,-0.394,
64,234,0.0329,-0.441,
65,237,0.0344,-0.49,
66,240,0.036,-0.541,
67,243,0.0375,-0.594,
68,246,0.0392,-0.648,
69,249,0.0408,-0.704,
70,252,0.0425,-0.762,
71,256,0.0442,-0.821,
72,259,0.0459,-0.881,
73,262,0.0477,-0.943,
74,266,0.0495,-1.01,
75,269,0.0513,-1.07,
76,272,0.0532,-1.14,
77,276,0.055,-1.21,
78,279,0.0569,-1.28,
79,283,0.0589,-1.35,
80,286,0.0608,-1.42,
81,290,0.0628,-1.49,
82,294,0.0647,-1.57,
83,297,0.0667,-1.64,
84,301,0.0687,-1.72,
85,304,0.0707,-1.8,
86,308,0.0727,-1.88,
87,312,0.0747,-1.96,
88,316,0.0767,-2.04,
89,320,0.0787,-2.12,
90,324,0.0808,-2.2,
91,327,0.0828,-2.28,
92,331,0.0848,-2.37,
93,335,0.0868,-2.45,
94,339,0.0889,-2.54,
95,343,0.0909,-2.63,
96,347,0.0929,-2.71,
97,351,0.0949,-2.8,
98,355,0.0969,-2.89,
99,360,0.0989,-2.98,
100,364,0.101,-3.06,
101,368,0.103,-3.15,
102,372,0.105,-3.24,
103,376,0.107,-3.33,
104,381,0.108,-3.41,
105,385,0.11,-3.5,
106,389,0.112,-3.59,
107,394,0.114,-3.68,
108,398,0.116,-3.76,
109,402,0.117,-3.85,
110,407,0.119,-3.94,
111,411,0.121,-4.02,
112,416,0.122,-4.11,
113,420,0.124,-4.19,
114,424,0.126,-4.27,
115,429,0.127,-4.35,
116,433,0.128,-4.44,
117,438,0.13,-4.52,
118,443,0.131,-4.6,
119,447,0.133,-4.67,
120,452,0.134,-4.75,
121,456,0.135,-4.83,
122,461,0.136,-4.9,
123,466,0.137,-4.97,
124,470,0.138,-5.05,
125,475,0.139,-5.12,
126,479,0.14,-5.18,
127,484,0.141,-5.25,
128,489,0.142,-5.31,
129,493,0.143,-5.38,
130,498,0.144,-5.44,
131,502,0.144,-5.5,
132,507,0.145,-5.55,
133,512,0.145,-5.61,
134,516,0.146,-5.66,
135,521,0.146,-5.71,
136,526,0.146,-5.76,
137,530,0.147,-5.81,
138,535,0.147,-5.85,
139,539,0.147,-5.89,
140,544,0.147,-5.93,
141,549,0.147,-5.96,
142,553,0.147,-6,
143,558,0.147,-6.03,
144,562,0.147,-6.06,
145,567,0.147,-6.08,
146,571,0.146,-6.1,
147,576,0.146,-6.12,
148,580,0.145,-6.14,
149,585,0.145,-6.15,
150,589,0.144,-6.16,
151,594,0.144,-6.17,
152,598,0.143,-6.17,
153,602,0.142,-6.17,
154,607,0.142,-6.17,
155,611,0.141,-6.16,
156,615,0.14,-6.15,
157,620,0.139,-6.14,
158,624,0.138,-6.12,
159,628,0.137,-6.1,
160,632,0.136,-6.08,
161,636,0.135,-6.06,
162,640,0.134,-6.03,
163,644,0.132,-5.99,
164,648,0.131,-5.96,
165,652,0.13,-5.91,
166,656,0.129,-5.87,
167,660,0.127,-5.82,
168,664,0.126,-5.77,
169,667,0.125,-5.72,
170,671,0.123,-5.66,
171,675,0.122,-5.6,
172,678,0.12,-5.53,
173,682,0.119,-5.46,
174,686,0.117,-5.39,
175,689,0.116,-5.31,
176,692,0.114,-5.23,
177,696,0.113,-5.15,
178,699,0.112,-5.06,
179,702,0.11,-4.97,
180,705,0.109,-4.87,
181,709,0.107,-4.78,
182,712,0.106,-4.67,
183,715,0.104,-4.57,
184,718,0.103,-4.46,
185,720,0.102,-4.35,
186,723,0.1,-4.23,
187,726,0.0992,-4.11,
188,729,0.098,-3.99,
189,731,0.0968,-3.86,
190,734,0.0957,-3.73,
191,736,0.0947,-3.6,
192,739,0.0937,-3.46,
193,741,0.0928,-3.32,
194,743,0.0919,-3.17,
195,745,0.0911,-3.03,
196,747,0.0904,-2.88,
197,749,0.0898,-2.72,
198,751,0.0893,-2.57,
199,753,0.0888,-2.41,
200,755,0.0885,-2.25,
201,757,0.0883,-2.08,
202,758,0.0881,-1.91,
203,760,0.0881,-1.74,
204,762,0.0882,-1.57,
205,763,0.0884,-1.39,
206,764,0.0888,-1.21,
207,766,0.0893,-1.03,
208,767,0.0899,-0.844,
209,768,0.0906,-0.657,
210,769,0.0915,-0.467,
211,770,0.0926,-0.275,
212,771,0.0938,-0.0802,
213,771,0.0951,0.117,
214,772,0.0967,0.316,
215,773,0.0984,0.517,
216,773,0.1,0.72,
217,774,0.102,0.925,
218,774,0.105,1.13,
219,774,0.107,1.34,
220,774,0.11,1.55,
221,775,0.112,1.76,
222,775,0.115,1.98,
223,774,0.119,2.19,
224,774,0.122,2.41,
225,774,0.126,2.63,
226,774,0.129,2.85,
227,773,0.134,3.07,
228,773,0.138,3.29,
229,772,0.142,3.51,
230,772,0.147,3.73,
231,771,0.152,3.96,
232,770,0.157,4.18,
233,769,0.163,4.41,
234,768,0.169,4.63,
235,767,0.175,4.86,
236,766,0.181,5.08,
237,765,0.187,5.31,
238,764,0.194,5.54,
239,762,0.201,5.76,
240,761,0.208,5.99,
241,759,0.216,6.22,
242,758,0.224,6.44,
243,756,0.232,6.67,
244,754,0.24,6.9,
245,752,0.249,7.12,
246,750,0.258,7.35,
247,748,0.267,7.57,
248,746,0.277,7.79,
249,744,0.287,8.02,
250,742,0.297,8.24,
251,740,0.307,8.46,
252,737,0.318,8.67,
253,735,0.329,8.89,
254,732,0.34,9.11,
255,730,0.352,9.32,
256,727,0.364,9.54,
257,724,0.376,9.75,
258,722,0.388,9.96,
259,719,0.401,10.2,
260,716,0.414,10.4,
261,713,0.427,10.6,
262,710,0.441,10.8,
263,707,0.455,11,
264,704,0.469,11.2,
265,701,0.484,11.4,
266,697,0.499,11.6,
267,694,0.514,11.7,
268,691,0.529,11.9,
269,687,0.545,12.1,
270,684,0.561,12.3,
271,680,0.577,12.5,
272,676,0.594,12.6,
273,673,0.611,12.8,
274,669,0.628,13,
275,665,0.646,13.2,
276,662,0.663,13.3,
277,658,0.681,13.5,
278,654,0.7,13.6,
279,650,0.718,13.8,
280,646,0.737,13.9,
281,642,0.756,14.1,
282,638,0.776,14.2,
283,634,0.795,14.3,
284,630,0.815,14.5,
285,626,0.835,14.6,
286,621,0.855,14.7,
287,617,0.876,14.9,
288,613,0.897,15,
289,609,0.918,15.1,
290,604,0.939,15.2,
291,600,0.961,15.3,
292,596,0.983,15.4,
293,591,1,15.5,
294,587,1.03,15.6,
295,582,1.05,15.7,
296,578,1.07,15.7,
297,573,1.09,15.8,
298,569,1.12,15.9,
299,564,1.14,16,
300,560,1.16,16,
301,555,1.19,16.1,
302,551,1.21,16.1,
303,546,1.23,16.2,
304,542,1.26,16.2,
305,537,1.28,16.3,
306,532,1.31,16.3,
307,528,1.33,16.3,
308,523,1.35,16.3,
309,519,1.38,16.4,
310,514,1.4,16.4,
311,509,1.43,16.4,
312,505,1.45,16.4,
313,500,1.48,16.4,
314,496,1.5,16.4,
315,491,1.53,16.4,
316,486,1.55,16.3,
317,482,1.58,16.3,
318,477,1.6,16.3,
319,473,1.63,16.2,
320,468,1.65,16.2,
321,464,1.68,16.2,
322,459,1.7,16.1,
323,455,1.73,16.1,
324,450,1.75,16,
325,446,1.78,15.9,
326,441,1.8,15.9,
327,437,1.83,15.8,
328,433,1.85,15.7,
329,428,1.88,15.6,
330,424,1.9,15.6,
331,420,1.93,15.5,
332,415,1.95,15.4,
333,411,1.97,15.3,
334,407,2,15.2,
335,403,2.02,15,
336,398,2.05,14.9,
337,394,2.07,14.8,
338,390,2.09,14.7,
339,386,2.12,14.5,
340,382,2.14,14.4,
341,378,2.16,14.3,
342,374,2.19,14.1,
343,370,2.21,14,
344,366,2.23,13.8,
345,363,2.25,13.7,
346,359,2.28,13.5,
347,355,2.3,13.3,
348,351,2.32,13.2,
349,348,2.34,13,
350,344,2.36,12.8,
351,340,2.38,12.6,
352,337,2.4,12.5,
353,333,2.42,12.3,
354,330,2.44,12.1,
355,327,2.46,11.9,
356,323,2.48,11.7,
357,320,2.5,11.5,
358,317,2.52,11.3,
359,314,2.54,11.1,
360,310,2.56,10.9,
361,307,2.57,10.6,
362,304,2.59,10.4,
363,301,2.61,10.2,
364,298,2.63,9.97,
365,296,2.64,9.74,
366,293,2.66,9.52,
367,290,2.67,9.28,
368,287,2.69,9.05,
369,285,2.7,8.81,
370,282,2.72,8.57,
371,280,2.73,8.33,
372,277,2.74,8.09,
373,275,2.76,7.84,
374,272,2.77,7.6,
375,270,2.78,7.35,
376,268,2.79,7.1,
377,266,2.8,6.85,
378,263,2.81,6.59,
379,261,2.82,6.34,
380,259,2.83,6.08,
381,257,2.84,5.83,
382,256,2.85,5.57,
383,254,2.86,5.31,
384,252,2.86,5.05,
385,250,2.87,4.79,
386,249,2.88,4.53,
387,247,2.88,4.26,
388,246,2.89,4,
389,244,2.89,3.74,
390,243,2.9,3.48,
391,241,2.9,3.21,
392,240,2.91,2.95,
393,239,2.91,2.69,
394,238,2.91,2.42,
395,237,2.91,2.16,
396,235,2.91,1.9,
397,234,2.92,1.64,
398,234,2.92,1.38,
399,233,2.92,1.12,
400,232,2.91,0.859,
401,231,2.91,0.601,
402,230,2.91,0.344,
403,230,2.91,0.0879,
404,229,2.91,-0.167,
405,229,2.9,-0.42,
406,228,2.9,-0.672,
407,228,2.89,-0.922,
408,227,2.89,-1.17,
409,227,2.88,-1.42,
410,227,2.88,-1.66,
411,226,2.87,-1.91,
412,226,2.86,-2.15,
413,226,2.86,-2.39,
414,226,2.85,-2.62,
415,226,2.84,-2.86,
416,226,2.83,-3.09,
417,226,2.82,-3.32,
418,226,2.81,-3.55,
419,226,2.8,-3.77,
420,227,2.79,-3.99,
421,227,2.78,-4.21,
422,227,2.77,-4.43,
423,227,2.75,-4.64,
424,228,2.74,-4.85,
425,228,2.73,-5.06,
426,229,2.71,-5.26,
427,229,2.7,-5.46,
428,230,2.68,-5.66,
429,231,2.67,-5.85,
430,231,2.65,-6.04,
431,232,2.64,-6.23,
432,233,2.62,-6.41,
433,233,2.6,-6.59,
434,234,2.59,-6.76,
435,235,2.57,-6.94,
436,236,2.55,-7.1,
437,237,2.53,-7.27,
438,238,2.52,-7.43,
439,239,2.5,-7.58,
440,240,2.48,-7.73,
441,241,2.46,-7.88,
442,242,2.44,-8.02,
443,243,2.42,-8.16,
444,244,2.4,-8.29,
445,245,2.38,-8.42,
446,246,2.35,-8.55,
447,247,2.33,-8.67,
448,248,2.31,-8.79,
449,250,2.29,-8.9,
450,251,2.27,-9,
451,252,2.25,-9.11,
452,253,2.22,-9.21,
453,255,2.2,-9.3,
454,256,2.18,-9.39,
455,257,2.15,-9.47,
456,259,2.13,-9.55,
457,260,2.11,-9.63,
458,261,2.08,-9.7,
459,263,2.06,-9.76,
460,264,2.04,-9.82,
461,266,2.01,-9.88,
462,267,1.99,-9.93,
463,269,1.97,-9.98,
464,270,1.94,-10,
465,271,1.92,-10.1,
466,273,1.89,-10.1,
467,274,1.87,-10.1,
468,276,1.85,-10.1,
469,277,1.82,-10.2,
470,279,1.8,-10.2,
471,280,1.77,-10.2,
472,282,1.75,-10.2,
473,283,1.73,-10.2,
474,285,1.7,-10.2,
475,286,1.68,-10.2,
476,288,1.65,-10.1,
477,289,1.63,-10.1,
478,291,1.61,-10.1,
479,292,1.58,-10.1,
480,293,1.56,-10,
481,295,1.54,-10,
482,296,1.51,-9.97,
483,298,1.49,-9.92,
484,299,1.47,-9.87,
485,301,1.45,-9.82,
486,302,1.43,-9.76,
487,303,1.4,-9.69,
488,305,1.38,-9.63,
489,306,1.36,-9.56,
490,307,1.34,-9.48,
491,309,1.32,-9.4,
492,310,1.3,-9.32,
493,311,1.28,-9.23,
494,313,1.26,-9.14,
495,314,1.24,-9.05,
496,315,1.22,-8.95,
497,316,1.2,-8.85,
498,318,1.18,-8.74,
499,319,1.17,-8.63,
500,320,1.15,-8.52,
501,321,1.13,-8.41,
502,322,1.11,-8.29,
503,323,1.1,-8.17,
504,325,1.08,-8.04,
505,326,1.07,-7.91,
506,327,1.05,-7.78,
507,328,1.04,-7.65,
508,329,1.02,-7.51,
509,330,1.01,-7.37,
510,331,0.999,-7.23,
511,331,0.987,-7.09,
512,332,0.975,-6.94,
513,333,0.964,-6.79,
514,334,0.953,-6.64,
515,335,0.943,-6.49,
516,336,0.933,-6.33,
517,336,0.924,-6.17,
518,337,0.916,-6.01,
519,338,0.908,-5.85,
520,338,0.901,-5.69,
521,339,0.894,-5.53,
522,340,0.888,-5.36,
523,340,0.883,-5.19,
524,341,0.878,-5.03,
525,341,0.874,-4.86,
526,342,0.871,-4.68,
527,342,0.868,-4.51,
528,343,0.866,-4.34,
529,343,0.864,-4.17,
530,343,0.863,-3.99,
531,344,0.863,-3.82,
532,344,0.864,-3.64,
533,344,0.865,-3.46,
534,345,0.867,-3.29,
535,345,0.869,-3.11,
536,345,0.872,-2.93,
537,345,0.876,-2.76,
538,345,0.881,-2.58,
539,345,0.886,-2.4,
540,345,0.892,-2.23,
541,345,0.898,-2.05,
542,345,0.906,-1.88,
543,345,0.914,-1.7,
544,345,0.922,-1.53,
545,345,0.932,-1.36,
546,345,0.942,-1.18,
547,345,0.953,-1.01,
548,345,0.964,-0.841,
549,344,0.976,-0.672,
550,344,0.989,-0.504,
551,344,1,-0.337,
552,343,1.02,-0.172,
553,343,1.03,-0.00835,
554,343,1.05,0.154,
555,342,1.06,0.314,
556,342,1.08,0.473,
557,341,1.1,0.63,
558,341,1.12,0.785,
559,340,1.14,0.938,
560,340,1.16,1.09,
561,339,1.18,1.24,
562,339,1.2,1.38,
563,338,1.22,1.53,
564,337,1.24,1.67,
565,337,1.26,1.81,
566,336,1.29,1.94,
567,335,1.31,2.07,
568,335,1.34,2.2,
569,334,1.36,2.33,
570,333,1.39,2.46,
571,332,1.41,2.58,
572,331,1.44,2.69,
573,331,1.47,2.81,
574,330,1.5,2.92,
575,329,1.52,3.03,
576,328,1.55,3.13,
577,327,1.58,3.24,
578,326,1.61,3.33,
579,325,1.65,3.43,
580,324,1.68,3.52,
581,323,1.71,3.61,
582,322,1.74,3.69,
583,321,1.77,3.77,
584,320,1.81,3.85,
585,319,1.84,3.92,
586,318,1.88,3.99,
587,317,1.91,4.05,
588,315,1.94,4.11,
589,314,1.98,4.17,
590,313,2.02,4.22,
591,312,2.05,4.27,
592,311,2.09,4.31,
593,310,2.13,4.35,
594,308,2.16,4.39,
595,307,2.2,4.42,
596,306,2.24,4.44,
597,305,2.28,4.46,
598,304,2.32,4.48,
599,302,2.35,4.5,
600,301,2.39,4.5,
601,300,2.43,4.51,
602,299,2.47,4.51,
603,297,2.51,4.5,
604,296,2.55,4.5,
605,295,2.59,4.48,
606,294,2.63,4.47,
607,292,2.67,4.44,
608,291,2.71,4.42,
609,290,2.75,4.39,
610,289,2.79,4.35,
611,287,2.84,4.31,
612,286,2.88,4.27,
613,285,2.92,4.22,
614,284,2.96,4.17,
615,282,3,4.11,
616,281,3.04,4.05,
617,280,3.08,3.98,
618,279,3.12,3.91,
619,278,3.16,3.83,
620,276,3.2,3.75,
621,275,3.25,3.67,
622,274,3.29,3.58,
623,273,3.33,3.49,
624,272,3.37,3.39,
625,270,3.41,3.29,
626,269,3.45,3.18,
627,268,3.49,3.07,
628,267,3.53,2.96,
629,266,3.57,2.84,
630,265,3.61,2.72,
631,264,3.65,2.6,
632,262,3.69,2.47,
633,261,3.72,2.33,
634,260,3.76,2.2,
635,259,3.8,2.06,
636,258,3.84,1.91,
637,257,3.88,1.76,
638,256,3.91,1.61,
639,255,3.95,1.46,
640,254,3.99,1.3,
641,253,4.02,1.14,
642,252,4.06,0.972,
643,251,4.09,0.803,
644,251,4.13,0.631,
645,250,4.16,0.456,
646,249,4.2,0.278,
647,248,4.23,0.0967,
648,247,4.26,-0.0876,
649,246,4.3,-0.275,
650,246,4.33,-0.465,
651,245,4.36,-0.657,
652,244,4.39,-0.853,
653,243,4.42,-1.05,
654,243,4.45,-1.25,
655,242,4.48,-1.45,
656,241,4.51,-1.66,
657,241,4.54,-1.87,
658,240,4.56,-2.08,
659,240,4.59,-2.29,
660,239,4.62,-2.5,
661,239,4.64,-2.72,
662,238,4.67,-2.93,
663,238,4.69,-3.15,
664,237,4.72,-3.37,
665,237,4.74,-3.59,
666,236,4.76,-3.82,
667,236,4.78,-4.04,
668,236,4.8,-4.27,
669,235,4.82,-4.49,
670,235,4.84,-4.72,
671,235,4.86,-4.95,
672,235,4.88,-5.18,
673,234,4.9,-5.41,
674,234,4.91,-5.64,
675,234,4.93,-5.87,
676,234,4.95,-6.11,
677,234,4.96,-6.34,
678,234,4.97,-6.57,
679,234,4.99,-6.8,
680,234,5,-7.04,
681,234,5.01,-7.27,
682,234,5.02,-7.5,
683,234,5.03,-7.74,
684,234,5.04,-7.97,
685,234,5.04,-8.2,
686,234,5.05,-8.43,
687,234,5.06,-8.66,
688,234,5.06,-8.89,
689,234,5.07,-9.12,
690,235,5.07,-9.35,
691,235,5.07,-9.58,
692,235,5.08,-9.81,
693,236,5.08,-10,
694,236,5.08,-10.3,
695,236,5.08,-10.5,
696,237,5.08,-10.7,
697,237,5.08,-10.9,
698,237,5.07,-11.1,
699,238,5.07,-11.4,
700,238,5.07,-11.6,
701,239,5.06,-11.8,
702,239,5.05,-12,
703,240,5.05,-12.2,
704,241,5.04,-12.4,
705,241,5.03,-12.6,
706,242,5.02,-12.8,
707,242,5.01,-13,
708,243,5,-13.2,
709,244,4.99,-13.4,
710,244,4.98,-13.6,
711,245,4.96,-13.8,
712,246,4.95,-14,
713,247,4.94,-14.1,
714,247,4.92,-14.3,
715,248,4.9,-14.5,
716,249,4.89,-14.7,
717,250,4.87,-14.8,
718,251,4.85,-15,
719,252,4.83,-15.2,
720,253,4.81,-15.3,
721,253,4.79,-15.5,
722,254,4.77,-15.6,
723,255,4.75,-15.8,
724,256,4.73,-15.9,
725,257,4.71,-16.1,
726,258,4.68,-16.2,
727,259,4.66,-16.3,
728,260,4.63,-16.5,
729,261,4.61,-16.6,
730,262,4.58,-16.7,
731,263,4.56,-16.8,
732,264,4.53,-16.9,
733,265,4.5,-17,
734,266,4.47,-17.1,
735,267,4.44,-17.2,
736,269,4.41,-17.3,
737,270,4.38,-17.4,
738,271,4.35,-17.5,
739,272,4.32,-17.6,
740,273,4.29,-17.7,
741,274,4.26,-17.7,
742,275,4.23,-17.8,
743,276,4.19,-17.9,
744,278,4.16,-17.9,
745,279,4.13,-18,
746,280,4.09,-18,
747,281,4.06,-18.1,
748,282,4.03,-18.1,
749,283,3.99,-18.1,
750,284,3.96,-18.2,
751,286,3.92,-18.2,
752,287,3.88,-18.2,
753,288,3.85,-18.2,
754,289,3.81,-18.2,
755,290,3.77,-18.2,
756,291,3.74,-18.2,
757,293,3.7,-18.2,
758,294,3.66,-18.2,
759,295,3.63,-18.2,
760,296,3.59,-18.2,
761,297,3.55,-18.2,
762,298,3.51,-18.1,
763,299,3.48,-18.1,
764,300,3.44,-18.1,
765,302,3.4,-18,
766,303,3.36,-18,
767,304,3.32,-17.9,
768,305,3.29,-17.8,
769,306,3.25,-17.8,
770,307,3.21,-17.7,
771,308,3.17,-17.6,
772,309,3.13,-17.6,
773,310,3.1,-17.5,
774,311,3.06,-17.4,
775,312,3.02,-17.3,
776,313,2.98,-17.2,
777,314,2.95,-17.1,
778,315,2.91,-17,
779,316,2.87,-16.9,
780,317,2.83,-16.8,
781,318,2.8,-16.6,
782,319,2.76,-16.5,
783,320,2.73,-16.4,
784,321,2.69,-16.2,
785,321,2.65,-16.1,
786,322,2.62,-16,
787,323,2.58,-15.8,
788,324,2.55,-15.7,
789,325,2.51,-15.5,
790,326,2.48,-15.4,
791,326,2.45,-15.2,
792,327,2.41,-15,
793,328,2.38,-14.9,
794,328,2.35,-14.7,
795,329,2.31,-14.5,
796,330,2.28,-14.3,
797,330,2.25,-14.2,
798,331,2.22,-14,
799,332,2.19,-13.8,
800,332,2.16,-13.6,
801,333,2.13,-13.4,
802,333,2.1,-13.2,
803,334,2.07,-13,
804,334,2.05,-12.8,
805,335,2.02,-12.6,
806,335,1.99,-12.4,
807,335,1.97,-12.1,
808,336,1.94,-11.9,
809,336,1.92,-11.7,
810,336,1.89,-11.5,
811,337,1.87,-11.2,
812,337,1.85,-11,
813,337,1.83,-10.8,
814,338,1.8,-10.6,
815,338,1.78,-10.3,
816,338,1.76,-10.1,
817,338,1.74,-9.85,
818,338,1.73,-9.61,
819,338,1.71,-9.37,
820,338,1.69,-9.12,
821,338,1.67,-8.88,
822,338,1.66,-8.63,
823,338,1.64,-8.38,
824,338,1.63,-8.13,
825,338,1.61,-7.88,
826,338,1.6,-7.63,
827,338,1.59,-7.38,
828,338,1.58,-7.12,
829,338,1.57,-6.87,
830,337,1.56,-6.61,
831,337,1.55,-6.36,
832,337,1.54,-6.1,
833,337,1.53,-5.85,
834,336,1.53,-5.59,
835,336,1.52,-5.33,
836,336,1.52,-5.08,
837,335,1.51,-4.82,
838,335,1.51,-4.56,
839,334,1.51,-4.3,
840,334,1.51,-4.05,
841,333,1.51,-3.79,
842,333,1.51,-3.54,
843,332,1.51,-3.28,
844,332,1.51,-3.03,
845,331,1.51,-2.77,
846,330,1.52,-2.52,
847,330,1.52,-2.27,
848,329,1.53,-2.01,
849,328,1.53,-1.76,
850,328,1.54,-1.51,
851,327,1.55,-1.26,
852,326,1.56,-1.02,
853,325,1.57,-0.771,
854,324,1.58,-0.526,
855,324,1.59,-0.283,
856,323,1.6,-0.042,
857,322,1.61,0.198,
858,321,1.63,0.436,
859,320,1.64,0.671,
860,319,1.65,0.905,
861,318,1.67,1.14,
862,317,1.69,1.37,
863,316,1.7,1.59,
864,315,1.72,1.82,
865,314,1.74,2.04,
866,313,1.76,2.26,
867,311,1.78,2.48,
868,310,1.8,2.69,
869,309,1.82,2.9,
870,308,1.85,3.11,
871,307,1.87,3.32,
872,305,1.89,3.52,
873,304,1.92,3.72,
874,303,1.94,3.92,
875,302,1.97,4.11,
876,300,2,4.3,
877,299,2.03,4.48,
878,298,2.05,4.67,
879,296,2.08,4.85,
880,295,2.11,5.02,
881,293,2.14,5.2,
882,292,2.17,5.36,
883,291,2.2,5.53,
884,289,2.24,5.69,
885,288,2.27,5.85,
886,286,2.3,6.01,
887,285,2.33,6.16,
888,283,2.37,6.3,
889,282,2.4,6.45,
890,280,2.44,6.59,
891,279,2.47,6.72,
892,277,2.51,6.85,
893,276,2.55,6.98,
894,274,2.58,7.11,
895,273,2.62,7.23,
896,271,2.66,7.34,
897,269,2.7,7.45,
898,268,2.73,7.56,
899,266,2.77,7.66,
900,265,2.81,7.76,
901,263,2.85,7.86,
902,261,2.89,7.95,
903,260,2.93,8.03,
904,258,2.97,8.11,
905,256,3.01,8.19,
906,255,3.05,8.26,
907,253,3.09,8.33,
908,251,3.13,8.39,
909,250,3.18,8.45,
910,248,3.22,8.51,
911,246,3.26,8.55,
912,245,3.3,8.6,
913,243,3.34,8.64,
914,242,3.39,8.67,
915,240,3.43,8.71,
916,238,3.47,8.73,
917,237,3.51,8.75,
918,235,3.56,8.77,
919,233,3.6,8.78,
920,232,3.64,8.79,
921,230,3.68,8.79,
922,228,3.73,8.79,
923,227,3.77,8.79,
924,225,3.81,8.78,
925,223,3.85,8.77,
926,222,3.9,8.75,
927,220,3.94,8.72,
928,218,3.98,8.7,
929,217,4.02,8.67,
930,215,4.07,8.63,
931,214,4.11,8.59,
932,212,4.15,8.55,
933,210,4.19,8.5,
934,209,4.23,8.45,
935,207,4.27,8.4,
936,206,4.31,8.34,
937,204,4.35,8.27,
938,203,4.39,8.2,
939,201,4.43,8.13,
940,199,4.47,8.06,
941,198,4.51,7.98,
942,196,4.55,7.9,
943,195,4.59,7.81,
944,193,4.63,7.72,
945,192,4.67,7.62,
946,191,4.7,7.53,
947,189,4.74,7.42,
948,188,4.78,7.32,
949,186,4.81,7.21,
950,185,4.85,7.1,
951,183,4.88,6.98,
952,182,4.92,6.86,
953,181,4.95,6.74,
954,179,4.99,6.61,
955,178,5.02,6.48,
956,177,5.05,6.35,
957,175,5.08,6.21,
958,174,5.11,6.08,
959,173,5.14,5.93,
960,172,5.17,5.79,
961,170,5.2,5.64,
962,169,5.23,5.49,
963,168,5.26,5.34,
964,167,5.29,5.18,
965,166,5.32,5.03,
966,165,5.34,4.87,
967,163,5.37,4.7,
968,162,5.39,4.54,
969,161,5.42,4.37,
970,160,5.44,4.2,
971,159,5.46,4.03,
972,158,5.49,3.86,
973,157,5.51,3.68,
974,156,5.53,3.51,
975,155,5.55,3.33,
976,154,5.57,3.15,
977,153,5.59,2.96,
978,152,5.6,2.78,
979,151,5.62,2.59,
980,151,5.64,2.41,
981,150,5.65,2.22,
982,149,5.67,2.03,
983,148,5.68,1.84,
984,147,5.7,1.65,
985,146,5.71,1.46,
986,146,5.72,1.26,
987,145,5.73,1.07,
988,144,5.74,0.876,
989,144,5.75,0.681,
990,143,5.76,0.485,
991,142,5.76,0.289,
992,142,5.77,0.093,
993,141,5.78,-0.104,
994,140,5.78,-0.3,
995,140,5.79,-0.497,
996,139,5.79,-0.694,
997,139,5.79,-0.892,
998,138,5.79,-1.09,
999,138,5.79,-1.29,
1000,137,5.79,-1.48,
1001,137,5.79,-1.68,
1002,137,5.79,-1.88,
1003,136,5.79,-2.07,
1004,136,5.78,-2.27,
1005,135,5.78,-2.46,
1006,135,5.77,-2.66,
1007,135,5.77,-2.85,
1008,134,5.76,-3.04,
1009,134,5.75,-3.24,
1010,134,5.74,-3.43,
1011,134,5.73,-3.62,
1012,133,5.72,-3.81,
1013,133,5.71,-4,
1014,133,5.7,-4.18,
1015,133,5.69,-4.37,
1016,133,5.68,-4.56,
1017,132,5.66,-4.74,
1018,132,5.65,-4.92,
1019,132,5.63,-5.1,
1020,132,5.62,-5.28,
1021,132,5.6,-5.46,
1022,132,5.58,-5.64,
1023,132,5.56,-5.81,
1024,132,5.54,-5.98,
1025,132,5.52,-6.15,
1026,132,5.5,-6.32,
1027,132,5.48,-6.49,
1028,132,5.46,-6.65,
1029,132,5.44,-6.81,
1030,132,5.41,-6.97,
1031,132,5.39,-7.13,
1032,132,5.37,-7.28,
1033,133,5.34,-7.43,
1034,133,5.31,-7.58,
1035,133,5.29,-7.73,
1036,133,5.26,-7.87,
1037,133,5.23,-8.01,
1038,133,5.2,-8.15,
1039,134,5.18,-8.29,
1040,134,5.15,-8.42,
1041,134,5.12,-8.55,
1042,134,5.08,-8.68,
1043,134,5.05,-8.8,
1044,135,5.02,-8.92,
1045,135,4.99,-9.04,
1046,135,4.96,-9.15,
1047,136,4.92,-9.27,
1048,136,4.89,-9.38,
1049,136,4.85,-9.48,
1050,136,4.82,-9.58,
1051,137,4.78,-9.68,
1052,137,4.75,-9.78,
1053,137,4.71,-9.88,
1054,138,4.68,-9.97,
1055,138,4.64,-10.1,
1056,139,4.6,-10.1,
1057,139,4.57,-10.2,
1058,139,4.53,-10.3,
1059,140,4.49,-10.4,
1060,140,4.45,-10.4,
1061,141,4.41,-10.5,
1062,141,4.37,-10.6,
1063,141,4.33,-10.6,
1064,142,4.29,-10.7,
1065,142,4.26,-10.8,
1066,143,4.22,-10.8,
1067,143,4.18,-10.9,
1068,144,4.14,-10.9,
1069,144,4.09,-11,
1070,144,4.05,-11,
1071,145,4.01,-11,
1072,145,3.97,-11.1,
1073,146,3.93,-11.1,
1074,146,3.89,-11.1,
1075,147,3.85,-11.1,
1076,147,3.81,-11.2,
1077,148,3.77,-11.2,
1078,148,3.73,-11.2,
1079,148,3.69,-11.2,
1080,149,3.65,-11.2,
1081,149,3.6,-11.2,
1082,150,3.56,-11.2,
1083,150,3.52,-11.2,
1084,151,3.48,-11.2,
1085,151,3.44,-11.2,
1086,152,3.4,-11.2,
1087,152,3.36,-11.1,
1088,152,3.32,-11.1,
1089,153,3.28,-11.1,
1090,153,3.24,-11.1,
1091,154,3.2,-11,
1092,154,3.16,-11,
1093,155,3.12,-11,
1094,155,3.08,-10.9,
1095,155,3.04,-10.9,
1096,156,3.01,-10.8,
1097,156,2.97,-10.8,
1098,157,2.93,-10.7,
1099,157,2.89,-10.7,
1100,157,2.85,-10.6,
1101,158,2.82,-10.5,
1102,158,2.78,-10.5,
1103,158,2.74,-10.4,
1104,159,2.71,-10.3,
1105,159,2.67,-10.3,
1106,159,2.63,-10.2,
1107,160,2.6,-10.1,
1108,160,2.56,-10,
1109,160,2.53,-9.95,
1110,161,2.5,-9.87,
1111,161,2.46,-9.78,
1112,161,2.43,-9.69,
1113,162,2.4,-9.6,
1114,162,2.36,-9.51,
1115,162,2.33,-9.41,
1116,163,2.3,-9.32,
1117,163,2.27,-9.22,
1118,163,2.24,-9.12,
1119,163,2.21,-9.01,
1120,163,2.18,-8.91,
1121,164,2.15,-8.8,
1122,164,2.12,-8.69,
1123,164,2.09,-8.58,
1124,164,2.07,-8.47,
1125,164,2.04,-8.35,
1126,165,2.02,-8.24,
1127,165,1.99,-8.12,
1128,165,1.97,-8,
1129,165,1.94,-7.88,
1130,165,1.92,-7.76,
1131,165,1.9,-7.64,
1132,165,1.87,-7.52,
1133,165,1.85,-7.39,
1134,165,1.83,-7.27,
1135,166,1.81,-7.14,
1136,166,1.79,-7.01,
1137,166,1.78,-6.88,
1138,166,1.76,-6.75,
1139,166,1.74,-6.62,
1140,166,1.73,-6.49,
1141,166,1.71,-6.36,
1142,166,1.69,-6.23,
1143,166,1.68,-6.09,
1144,165,1.67,-5.96,
1145,165,1.65,-5.82,
1146,165,1.64,-5.69,
1147,165,1.63,-5.55,
1148,165,1.62,-5.42,
1149,165,1.61,-5.28,
1150,165,1.6,-5.14,
1151,165,1.59,-5.01,
1152,165,1.58,-4.87,
1153,164,1.57,-4.73,
1154,164,1.57,-4.6,
1155,164,1.56,-4.46,
1156,164,1.56,-4.32,
1157,164,1.55,-4.19,
1158,163,1.55,-4.05,
1159,163,1.54,-3.91,
1160,163,1.54,-3.78,
1161,163,1.54,-3.64,
1162,163,1.54,-3.51,
1163,162,1.54,-3.37,
1164,162,1.54,-3.24,
1165,162,1.54,-3.11,
1166,161,1.54,-2.98,
1167,161,1.54,-2.85,
1168,161,1.54,-2.72,
1169,160,1.54,-2.59,
1170,160,1.55,-2.46,
1171,160,1.55,-2.33,
1172,159,1.56,-2.21,
1173,159,1.56,-2.08,
1174,159,1.57,-1.96,
1175,158,1.58,-1.84,
1176,158,1.59,-1.72,
1177,157,1.59,-1.6,
1178,157,1.6,-1.48,
1179,156,1.61,-1.36,
1180,156,1.62,-1.25,
1181,156,1.63,-1.14,
1182,155,1.65,-1.03,
1183,155,1.66,-0.919,
1184,154,1.67,-0.812,
1185,154,1.69,-0.707,
1186,153,1.7,-0.603,
1187,153,1.71,-0.502,
1188,152,1.73,-0.402,
1189,152,1.75,-0.304,
1190,151,1.76,-0.208,
1191,151,1.78,-0.113,
1192,150,1.8,-0.0211,
1193,149,1.81,0.0693,
1194,149,1.83,0.158,
1195,148,1.85,0.244,
1196,148,1.87,0.329,
1197,147,1.89,0.411,
1198,147,1.91,0.492,
1199,146,1.93,0.57,
1200,145,1.95,0.646,
1201,145,1.98,0.72,
1202,144,2,0.792,
1203,144,2.02,0.862,
1204,143,2.04,0.93,
1205,142,2.07,0.995,
1206,142,2.09,1.06,
1207,141,2.11,1.12,
1208,140,2.14,1.18,
1209,140,2.16,1.23,
1210,139,2.19,1.29,
1211,139,2.21,1.34,
1212,138,2.24,1.39,
1213,137,2.26,1.44,
1214,137,2.29,1.48,
1215,136,2.32,1.52,
1216,135,2.34,1.56,
1217,135,2.37,1.6,
1218,134,2.4,1.63,
1219,133,2.42,1.67,
1220,133,2.45,1.69,
1221,132,2.48,1.72,
1222,131,2.51,1.75,
1223,131,2.53,1.77,
1224,130,2.56,1.79,
1225,129,2.59,1.8,
1226,129,2.62,1.82,
1227,128,2.65,1.83,
1228,127,2.68,1.83,
1229,127,2.7,1.84,
1230,126,2.73,1.84,
1231,125,2.76,1.84,
1232,125,2.79,1.84,
1233,124,2.82,1.83,
1234,123,2.85,1.82,
1235,123,2.88,1.81,
1236,122,2.9,1.8,
1237,121,2.93,1.79,
1238,121,2.96,1.77,
1239,120,2.99,1.75,
1240,120,3.02,1.72,
1241,119,3.05,1.7,
1242,118,3.08,1.67,
1243,118,3.1,1.64,
1244,117,3.13,1.61,
1245,116,3.16,1.57,
1246,116,3.19,1.54,
1247,115,3.22,1.5,
1248,115,3.24,1.46,
1249,114,3.27,1.41,
1250,113,3.3,1.37,
1251,113,3.33,1.32,
1252,112,3.35,1.27,
1253,112,3.38,1.22,
1254,111,3.41,1.16,
1255,110,3.43,1.11,
1256,110,3.46,1.05,
1257,109,3.49,0.987,
1258,109,3.51,0.925,
1259,108,3.54,0.861,
1260,108,3.56,0.795,
1261,107,3.59,0.728,
1262,107,3.61,0.658,
1263,106,3.64,0.587,
1264,106,3.66,0.514,
1265,105,3.68,0.439,
1266,105,3.71,0.363,
1267,104,3.73,0.285,
1268,104,3.75,0.205,
1269,103,3.77,0.124,
1270,103,3.79,0.0416,
1271,102,3.82,-0.0427,
1272,102,3.84,-0.128,
1273,101,3.86,-0.215,
1274,101,3.88,-0.304,
1275,100,3.9,-0.394,
1276,100,3.91,-0.485,
1277,99.6,3.93,-0.578,
1278,99.2,3.95,-0.672,
1279,98.8,3.97,-0.767,
1280,98.4,3.99,-0.863,
1281,98,4,-0.96,
1282,97.6,4.02,-1.06,
1283,97.3,4.03,-1.16,
1284,96.9,4.05,-1.26,
1285,96.6,4.06,-1.36,
1286,96.3,4.08,-1.46,
1287,96,4.09,-1.57,
1288,95.7,4.1,-1.67,
1289,95.4,4.11,-1.77,
1290,95.1,4.13,-1.88,
1291,94.8,4.14,-1.99,
1292,94.5,4.15,-2.09,
1293,94.3,4.16,-2.2,
1294,94,4.17,-2.31,
1295,93.8,4.18,-2.42,
1296,93.5,4.19,-2.53,
1297,93.3,4.19,-2.63,
1298,93.1,4.2,-2.74,
1299,92.9,4.21,-2.85,
1300,92.7,4.21,-2.96,
1301,92.5,4.22,-3.07,
1302,92.3,4.23,-3.19,
1303,92.1,4.23,-3.3,
1304,92,4.23,-3.41,
1305,91.8,4.24,-3.52,
1306,91.7,4.24,-3.63,
1307,91.5,4.24,-3.74,
1308,91.4,4.25,-3.85,
1309,91.3,4.25,-3.96,
1310,91.2,4.25,-4.07,
1311,91.1,4.25,-4.18,
1312,91,4.25,-4.29,
1313,90.9,4.25,-4.4,
1314,90.8,4.25,-4.51,
1315,90.8,4.25,-4.61,
1316,90.7,4.24,-4.72,
1317,90.6,4.24,-4.83,
1318,90.6,4.24,-4.93,
1319,90.6,4.23,-5.04,
1320,90.6,4.23,-5.14,
1321,90.5,4.22,-5.25,
1322,90.5,4.22,-5.35,
1323,90.5,4.21,-5.45,
1324,90.5,4.2,-5.55,
1325,90.6,4.19,-5.65,
1326,90.6,4.19,-5.75,
1327,90.6,4.18,-5.85,
1328,90.7,4.17,-5.95,
1329,90.7,4.16,-6.04,
1330,90.8,4.15,-6.14,
1331,90.9,4.14,-6.23,
1332,90.9,4.13,-6.32,
1333,91,4.11,-6.41,
1334,91.1,4.1,-6.5,
1335,91.2,4.09,-6.59,
1336,91.3,4.07,-6.68,
1337,91.4,4.06,-6.76,
1338,91.5,4.05,-6.85,
1339,91.7,4.03,-6.93,
1340,91.8,4.01,-7.01,
1341,91.9,4,-7.09,
1342,92.1,3.98,-7.17,
1343,92.2,3.96,-7.25,
1344,92.4,3.95,-7.32,
1345,92.5,3.93,-7.39,
1346,92.7,3.91,-7.47,
1347,92.9,3.89,-7.54,
1348,93,3.87,-7.61,
1349,93.2,3.85,-7.67,
1350,93.4,3.83,-7.74,
1351,93.6,3.81,-7.81,
1352,93.8,3.79,-7.87,
1353,94,3.77,-7.93,
1354,94.2,3.75,-7.99,
1355,94.4,3.73,-8.05,
1356,94.6,3.71,-8.1,
1357,94.8,3.68,-8.16,
1358,95,3.66,-8.21,
1359,95.3,3.64,-8.26,
1360,95.5,3.62,-8.31,
1361,95.7,3.59,-8.35,
1362,96,3.57,-8.4,
1363,96.2,3.54,-8.44,
1364,96.4,3.52,-8.48,
1365,96.7,3.49,-8.52,
1366,96.9,3.47,-8.55,
1367,97.1,3.44,-8.59,
1368,97.4,3.42,-8.62,
1369,97.6,3.39,-8.65,
1370,97.9,3.37,-8.68,
1371,98.1,3.34,-8.7,
1372,98.4,3.31,-8.73,
1373,98.6,3.29,-8.75,
1374,98.9,3.26,-8.77,
1375,99.1,3.23,-8.78,
1376,99.4,3.21,-8.8,
1377,99.6,3.18,-8.81,
1378,99.9,3.15,-8.82,
1379,100,3.13,-8.83,
1380,100,3.1,-8.84,
1381,101,3.07,-8.84,
1382,101,3.04,-8.84,
1383,101,3.01,-8.84,
1384,101,2.99,-8.84,
1385,102,2.96,-8.83,
1386,102,2.93,-8.82,
1387,102,2.9,-8.82,
1388,102,2.87,-8.8,
1389,103,2.85,-8.79,
1390,103,2.82,-8.78,
1391,103,2.79,-8.76,
1392,103,2.76,-8.74,
1393,104,2.73,-8.72,
1394,104,2.71,-8.69,
1395,104,2.68,-8.67,
1396,104,2.65,-8.64,
1397,105,2.62,-8.61,
1398,105,2.59,-8.58,
1399,105,2.57,-8.55,
1400,105,2.54,-8.52,
1401,105,2.51,-8.48,
1402,106,2.48,-8.44,
1403,106,2.45,-8.4,
1404,106,2.43,-8.36,
1405,106,2.4,-8.31,
1406,106,2.37,-8.27,
1407,107,2.35,-8.22,
1408,107,2.32,-8.17,
1409,107,2.29,-8.12,
1410,107,2.27,-8.07,
1411,107,2.24,-8.02,
1412,108,2.21,-7.96,
1413,108,2.19,-7.9,
1414,108,2.16,-7.84,
1415,108,2.14,-7.78,
1416,108,2.11,-7.72,
1417,108,2.09,-7.66,
1418,109,2.06,-7.59,
1419,109,2.04,-7.53,
1420,109,2.01,-7.46,
1421,109,1.99,-7.39,
1422,109,1.97,-7.32,
1423,109,1.94,-7.24,
1424,109,1.92,-7.17,
1425,109,1.9,-7.1,
1426,109,1.87,-7.02,
1427,110,1.85,-6.94,
1428,110,1.83,-6.86,
1429,110,1.81,-6.78,
1430,110,1.79,-6.7,
1431,110,1.77,-6.62,
1432,110,1.75,-6.53,
1433,110,1.73,-6.45,
1434,110,1.71,-6.36,
1435,110,1.69,-6.27,
1436,110,1.67,-6.19,
1437,110,1.66,-6.1,
1438,110,1.64,-6.01,
1439,110,1.62,-5.91,
1440,110,1.6,-5.82,
1441,110,1.59,-5.73,
1442,110,1.57,-5.64,
1443,110,1.55,-5.54,
1444,110,1.54,-5.45,
1445,110,1.52,-5.35,
1446,110,1.51,-5.26,
1447,110,1.5,-5.16,
1448,110,1.48,-5.06,
1449,110,1.47,-4.96,
1450,110,1.46,-4.87,
1451,110,1.44,-4.77,
1452,109,1.43,-4.67,
1453,109,1.42,-4.57,
1454,109,1.41,-4.47,
1455,109,1.4,-4.37,
1456,109,1.39,-4.27,
1457,109,1.38,-4.17,
1458,109,1.37,-4.07,
1459,109,1.36,-3.97,
1460,109,1.35,-3.87,
1461,108,1.34,-3.77,
1462,108,1.33,-3.66,
1463,108,1.33,-3.56,
1464,108,1.32,-3.46,
1465,108,1.31,-3.36,
1466,108,1.31,-3.26,
1467,107,1.3,-3.16,
1468,107,1.3,-3.06,
1469,107,1.29,-2.96,
1470,107,1.29,-2.86,
1471,107,1.29,-2.76,
1472,106,1.28,-2.67,
1473,106,1.28,-2.57,
1474,106,1.28,-2.47,
1475,106,1.28,-2.37,
1476,105,1.28,-2.28,
1477,105,1.28,-2.18,
1478,105,1.28,-2.09,
1479,105,1.28,-1.99,
1480,104,1.28,-1.9,
1481,104,1.28,-1.8,
1482,104,1.28,-1.71,
1483,103,1.28,-1.62,
1484,103,1.28,-1.53,
1485,103,1.29,-1.44,
1486,102,1.29,-1.35,
1487,102,1.3,-1.26,
1488,102,1.3,-1.17,
1489,101,1.3,-1.08,
1490,101,1.31,-0.994,
1491,101,1.32,-0.908,
1492,100,1.32,-0.823,
1493,100,1.33,-0.739,
1494,99.7,1.33,-0.656,
1495,99.4,1.34,-0.574,
1496,99,1.35,-0.493,
1497,98.6,1.36,-0.413,
1498,98.2,1.36,-0.334,
1499,97.8,1.37,-0.256,
1500,97.5,1.38,-0.18,
1501,97.1,1.39,-0.104,
1502,96.7,1.4,-0.0294,
1503,96.3,1.41,0.0439,
1504,95.9,1.42,0.116,
1505,95.4,1.43,0.187,
1506,95,1.44,0.256,
1507,94.6,1.45,0.325,
1508,94.2,1.47,0.392,
1509,93.8,1.48,0.458,
1510,93.3,1.49,0.522,
1511,92.9,1.5,0.585,
1512,92.5,1.51,0.646,
1513,92,1.53,0.706,
1514,91.6,1.54,0.765,
1515,91.2,1.55,0.822,
1516,90.7,1.57,0.877,
1517,90.3,1.58,0.931,
1518,89.8,1.6,0.984,
1519,89.4,1.61,1.03,
1520,88.9,1.63,1.08,
1521,88.4,1.64,1.13,
1522,88,1.66,1.18,
1523,87.5,1.67,1.22,
1524,87.1,1.69,1.26,
1525,86.6,1.7,1.3,
1526,86.1,1.72,1.34,
1527,85.7,1.73,1.38,
1528,85.2,1.75,1.42,
1529,84.7,1.77,1.45,
1530,84.2,1.78,1.48,
1531,83.8,1.8,1.52,
1532,83.3,1.82,1.54,
1533,82.8,1.83,1.57,
1534,82.3,1.85,1.6,
1535,81.9,1.87,1.62,
1536,81.4,1.89,1.65,
1537,80.9,1.9,1.67,
1538,80.4,1.92,1.69,
1539,80,1.94,1.71,
1540,79.5,1.96,1.72,
1541,79,1.97,1.74,
1542,78.5,1.99,1.75,
1543,78.1,2.01,1.76,
1544,77.6,2.03,1.77,
1545,77.1,2.05,1.78,
1546,76.6,2.06,1.79,
1547,76.2,2.08,1.8,
1548,75.7,2.1,1.8,
1549,75.2,2.12,1.8,
1550,74.8,2.14,1.81,
1551,74.3,2.15,1.81,
1552,73.8,2.17,1.8,
1553,73.4,2.19,1.8,
1554,72.9,2.21,1.8,
1555,72.4,2.23,1.79,
1556,72,2.24,1.78,
1557,71.5,2.26,1.77,
1558,71.1,2.28,1.76,
1559,70.6,2.3,1.75,
1560,70.2,2.32,1.74,
1561,69.7,2.33,1.72,
1562,69.3,2.35,1.71,
1563,68.8,2.37,1.69,
1564,68.4,2.38,1.67,
1565,68,2.4,1.65,
1566,67.5,2.42,1.63,
1567,67.1,2.43,1.6,
1568,66.7,2.45,1.58,
1569,66.2,2.47,1.55,
1570,65.8,2.48,1.52,
1571,65.4,2.5,1.5,
1572,65,2.51,1.47,
1573,64.6,2.53,1.43,
1574,64.2,2.54,1.4,
1575,63.8,2.56,1.37,
1576,63.4,2.57,1.33,
1577,63,2.59,1.3,
1578,62.6,2.6,1.26,
1579,62.2,2.62,1.22,
1580,61.9,2.63,1.18,
1581,61.5,2.64,1.14,
1582,61.1,2.66,1.09,
1583,60.8,2.67,1.05,
1584,60.4,2.68,1.01,
1585,60,2.7,0.962,
1586,59.7,2.71,0.916,
1587,59.3,2.72,0.868,
1588,59,2.73,0.82,
1589,58.7,2.75,0.771,
1590,58.3,2.76,0.721,
1591,58,2.77,0.67,
1592,57.7,2.78,0.618,
1593,57.4,2.79,0.566,
1594,57,2.8,0.512,
1595,56.7,2.81,0.458,
1596,56.4,2.82,0.403,
1597,56.1,2.83,0.348,
1598,55.8,2.84,0.292,
1599,55.5,2.85,0.235,
1600,55.3,2.86,0.177,
1601,55,2.86,0.119,
1602,54.7,2.87,0.0605,
1603,54.4,2.88,0.00133,
1604,54.2,2.89,-0.0584,
1605,53.9,2.89,-0.119,
1606,53.7,2.9,-0.179,
1607,53.4,2.91,-0.24,
1608,53.2,2.91,-0.302,
1609,52.9,2.92,-0.363,
1610,52.7,2.92,-0.426,
1611,52.5,2.93,-0.488,
1612,52.2,2.93,-0.551,
1613,52,2.94,-0.614,
1614,51.8,2.94,-0.677,
1615,51.6,2.94,-0.74,
1616,51.4,2.95,-0.804,
1617,51.2,2.95,-0.868,
1618,51,2.95,-0.932,
1619,50.8,2.95,-0.995,
1620,50.6,2.95,-1.06,
1621,50.5,2.95,-1.12,
1622,50.3,2.96,-1.19,
1623,50.1,2.96,-1.25,
1624,50,2.96,-1.32,
1625,49.8,2.95,-1.38,
1626,49.7,2.95,-1.44,
1627,49.6,2.95,-1.51,
1628,49.4,2.95,-1.57,
1629,49.3,2.95,-1.63,
1630,49.2,2.95,-1.7,
1631,49,2.94,-1.76,
1632,48.9,2.94,-1.82,
1633,48.8,2.94,-1.89,
1634,48.7,2.93,-1.95,
1635,48.6,2.93,-2.01,
1636,48.5,2.93,-2.07,
1637,48.4,2.92,-2.13,
1638,48.3,2.92,-2.2,
1639,48.3,2.91,-2.26,
1640,48.2,2.9,-2.32,
1641,48.1,2.9,-2.38,
1642,48.1,2.89,-2.44,
1643,48,2.88,-2.5,
1644,47.9,2.88,-2.56,
1645,47.9,2.87,-2.62,
1646,47.8,2.86,-2.67,
1647,47.8,2.85,-2.73,
1648,47.7,2.85,-2.79,
1649,47.7,2.84,-2.84,
1650,47.7,2.83,-2.9,
1651,47.6,2.82,-2.95,
1652,47.6,2.81,-3.01,
1653,47.6,2.8,-3.06,
1654,47.6,2.79,-3.12,
1655,47.6,2.78,-3.17,
1656,47.6,2.77,-3.22,
1657,47.6,2.76,-3.27,
1658,47.6,2.75,-3.32,
1659,47.6,2.73,-3.37,
1660,47.6,2.72,-3.42,
1661,47.6,2.71,-3.47,
1662,47.6,2.7,-3.51,
1663,47.6,2.69,-3.56,
1664,47.6,2.67,-3.61,
1665,47.6,2.66,-3.65,
1666,47.7,2.65,-3.69,
1667,47.7,2.63,-3.74,
1668,47.7,2.62,-3.78,
1669,47.8,2.6,-3.82,
1670,47.8,2.59,-3.86,
1671,47.8,2.58,-3.89,
1672,47.9,2.56,-3.93,
1673,47.9,2.55,-3.97,
1674,48,2.53,-4,
1675,48,2.51,-4.04,
1676,48.1,2.5,-4.07,
1677,48.1,2.48,-4.1,
1678,48.2,2.47,-4.13,
1679,48.2,2.45,-4.16,
1680,48.3,2.43,-4.19,
1681,48.4,2.42,-4.22,
1682,48.4,2.4,-4.25,
1683,48.5,2.38,-4.27,
1684,48.6,2.37,-4.3,
1685,48.6,2.35,-4.32,
1686,48.7,2.33,-4.34,
1687,48.8,2.32,-4.36,
1688,48.8,2.3,-4.38,
1689,48.9,2.28,-4.4,
1690,49,2.26,-4.42,
1691,49.1,2.24,-4.44,
1692,49.1,2.23,-4.46,
1693,49.2,2.21,-4.47,
1694,49.3,2.19,-4.49,
1695,49.4,2.17,-4.5,
1696,49.5,2.15,-4.51,
1697,49.6,2.13,-4.52,
1698,49.6,2.12,-4.53,
1699,49.7,2.1,-4.54,
1700,49.8,2.08,-4.55,
1701,49.9,2.06,-4.56,
1702,50,2.04,-4.56,
1703,50.1,2.02,-4.57,
1704,50.1,2,-4.57,
1705,50.2,1.99,-4.57,
1706,50.3,1.97,-4.57,
1707,50.4,1.95,-4.57,
1708,50.5,1.93,-4.57,
1709,50.6,1.91,-4.57,
1710,50.6,1.89,-4.57,
1711,50.7,1.87,-4.57,
1712,50.8,1.85,-4.56,
1713,50.9,1.84,-4.55,
1714,51,1.82,-4.55,
1715,51,1.8,-4.54,
1716,51.1,1.78,-4.53,
1717,51.2,1.76,-4.52,
1718,51.3,1.74,-4.51,
1719,51.3,1.73,-4.5,
1720,51.4,1.71,-4.48,
1721,51.5,1.69,-4.47,
1722,51.6,1.67,-4.45,
1723,51.6,1.65,-4.44,
1724,51.7,1.64,-4.42,
1725,51.8,1.62,-4.4,
1726,51.8,1.6,-4.38,
1727,51.9,1.58,-4.36,
1728,51.9,1.57,-4.34,
1729,52,1.55,-4.32,
1730,52.1,1.53,-4.3,
1731,52.1,1.51,-4.27,
1732,52.2,1.5,-4.25,
1733,52.2,1.48,-4.22,
1734,52.3,1.46,-4.2,
1735,52.3,1.45,-4.17,
1736,52.4,1.43,-4.14,
1737,52.4,1.41,-4.11,
1738,52.4,1.4,-4.08,
1739,52.5,1.38,-4.05,
1740,52.5,1.37,-4.02,
1741,52.6,1.35,-3.99,
1742,52.6,1.34,-3.96,
1743,52.6,1.32,-3.93,
1744,52.7,1.31,-3.89,
1745,52.7,1.29,-3.86,
1746,52.7,1.28,-3.82,
1747,52.7,1.26,-3.79,
1748,52.7,1.25,-3.75,
1749,52.8,1.23,-3.72,
1750,52.8,1.22,-3.68,
1751,52.8,1.21,-3.64,
1752,52.8,1.19,-3.6,
1753,52.8,1.18,-3.57,
1754,52.8,1.17,-3.53,
1755,52.8,1.15,-3.49,
1756,52.8,1.14,-3.45,
1757,52.8,1.13,-3.41,
1758,52.8,1.12,-3.37,
1759,52.8,1.11,-3.33,
1760,52.8,1.09,-3.28,
1761,52.8,1.08,-3.24,
1762,52.7,1.07,-3.2,
1763,52.7,1.06,-3.16,
1764,52.7,1.05,-3.12,
1765,52.7,1.04,-3.07,
1766,52.6,1.03,-3.03,
1767,52.6,1.02,-2.99,
1768,52.6,1.01,-2.94,
1769,52.5,1,-2.9,
1770,52.5,0.994,-2.85,
1771,52.4,0.986,-2.81,
1772,52.4,0.978,-2.77,
1773,52.3,0.97,-2.72,
1774,52.3,0.962,-2.68,
1775,52.2,0.954,-2.63,
1776,52.2,0.947,-2.59,
1777,52.1,0.94,-2.54,
1778,52,0.934,-2.5,
1779,52,0.927,-2.45,
1780,51.9,0.921,-2.41,
1781,51.8,0.916,-2.36,
1782,51.7,0.91,-2.32,
1783,51.7,0.905,-2.27,
1784,51.6,0.9,-2.23,
1785,51.5,0.895,-2.18,
1786,51.4,0.89,-2.14,
1787,51.3,0.886,-2.09,
1788,51.2,0.882,-2.05,
1789,51.1,0.878,-2,
1790,51,0.875,-1.96,
1791,50.9,0.872,-1.91,
1792,50.8,0.869,-1.87,
1793,50.7,0.866,-1.82,
1794,50.6,0.864,-1.78,
1795,50.5,0.861,-1.74,
1796,50.3,0.859,-1.69,
1797,50.2,0.858,-1.65,
1798,50.1,0.856,-1.61,
1799,50,0.855,-1.57,
1800,49.9,0.854,-1.52,
1801,49.7,0.853,-1.48,
1802,49.6,0.853,-1.44,
1803,49.5,0.853,-1.4,
1804,49.3,0.853,-1.36,
1805,49.2,0.853,-1.32,
1806,49.1,0.854,-1.28,
1807,48.9,0.854,-1.24,
1808,48.8,0.855,-1.2,
1809,48.6,0.857,-1.16,
1810,48.5,0.858,-1.12,
1811,48.3,0.86,-1.09,
1812,48.2,0.862,-1.05,
1813,48,0.864,-1.01,
1814,47.9,0.866,-0.978,
1815,47.7,0.869,-0.943,
1816,47.6,0.872,-0.908,
1817,47.4,0.875,-0.874,
1818,47.2,0.878,-0.841,
1819,47.1,0.882,-0.808,
1820,46.9,0.885,-0.776,
1821,46.7,0.889,-0.745,
1822,46.6,0.893,-0.714,
1823,46.4,0.898,-0.684,
1824,46.2,0.902,-0.654,
1825,46,0.907,-0.625,
1826,45.9,0.912,-0.597,
1827,45.7,0.917,-0.569,
1828,45.5,0.922,-0.542,
1829,45.3,0.928,-0.516,
1830,45.2,0.933,-0.49,
1831,45,0.939,-0.465,
1832,44.8,0.945,-0.441,
1833,44.6,0.951,-0.417,
1834,44.4,0.957,-0.394,
1835,44.2,0.964,-0.372,
1836,44.1,0.97,-0.35,
1837,43.9,0.977,-0.329,
1838,43.7,0.984,-0.309,
1839,43.5,0.991,-0.289,
1840,43.3,0.998,-0.27,
1841,43.1,1,-0.252,
1842,42.9,1.01,-0.234,
1843,42.7,1.02,-0.218,
1844,42.5,1.03,-0.201,
1845,42.3,1.03,-0.186,
1846,42.2,1.04,-0.171,
1847,42,1.05,-0.157,
1848,41.8,1.06,-0.144,
1849,41.6,1.07,-0.132,
1850,41.4,1.07,-0.12,
1851,41.2,1.08,-0.109,
1852,41,1.09,-0.0986,
1853,40.8,1.1,-0.0891,
1854,40.6,1.11,-0.0803,
1855,40.4,1.12,-0.0723,
1856,40.2,1.12,-0.065,
1857,40,1.13,-0.0585,
1858,39.8,1.14,-0.0528,
1859,39.7,1.15,-0.0478,
1860,39.5,1.16,-0.0436,
1861,39.3,1.17,-0.0402,
1862,39.1,1.18,-0.0376,
1863,38.9,1.18,-0.0358,
1864,38.7,1.19,-0.0347,
1865,38.5,1.2,-0.0345,
1866,38.3,1.21,-0.035,
1867,38.2,1.22,-0.0363,
1868,38,1.23,-0.0383,
1869,37.8,1.24,-0.0411,
1870,37.6,1.24,-0.0446,
1871,37.4,1.25,-0.0489,
1872,37.3,1.26,-0.0539,
1873,37.1,1.27,-0.0595,
1874,36.9,1.28,-0.0659,
1875,36.7,1.29,-0.073,
1876,36.5,1.3,-0.0808,
1877,36.4,1.31,-0.0892,
1878,36.2,1.31,-0.0983,
1879,36,1.32,-0.108,
1880,35.9,1.33,-0.118,
1881,35.7,1.34,-0.129,
1882,35.5,1.35,-0.141,
1883,35.4,1.36,-0.153,
1884,35.2,1.36,-0.166,
1885,35,1.37,-0.18,
1886,34.9,1.38,-0.194,
1887,34.7,1.39,-0.208,
1888,34.5,1.4,-0.224,
1889,34.4,1.4,-0.239,
1890,34.2,1.41,-0.256,
1891,34.1,1.42,-0.273,
1892,33.9,1.43,-0.29,
1893,33.8,1.43,-0.308,
1894,33.6,1.44,-0.326,
1895,33.5,1.45,-0.345,
1896,33.3,1.46,-0.364,
1897,33.2,1.46,-0.384,
1898,33,1.47,-0.405,
1899,32.9,1.48,-0.425,
1900,32.8,1.48,-0.446,
1901,32.6,1.49,-0.468,
1902,32.5,1.5,-0.49,
1903,32.4,1.5,-0.513,
1904,32.2,1.51,-0.535,
1905,32.1,1.52,-0.559,
1906,32,1.52,-0.582,
1907,31.9,1.53,-0.606,
1908,31.7,1.53,-0.631,
1909,31.6,1.54,-0.655,
1910,31.5,1.54,-0.68,
1911,31.4,1.55,-0.706,
1912,31.3,1.55,-0.731,
1913,31.2,1.56,-0.757,
1914,31.1,1.56,-0.783,
1915,30.9,1.57,-0.81,
1916,30.8,1.57,-0.837,
1917,30.7,1.58,-0.864,
1918,30.6,1.58,-0.891,
1919,30.6,1.58,-0.919,
1920,30.5,1.59,-0.946,
1921,30.4,1.59,-0.974,
1922,30.3,1.6,-1,
1923,30.2,1.6,-1.03,
1924,30.1,1.6,-1.06,
1925,30,1.6,-1.09,
1926,29.9,1.61,-1.12,
1927,29.9,1.61,-1.15,
1928,29.8,1.61,-1.17,
1929,29.7,1.61,-1.2,
1930,29.7,1.62,-1.23,
1931,29.6,1.62,-1.26,
1932,29.5,1.62,-1.29,
1933,29.5,1.62,-1.32,
1934,29.4,1.62,-1.35,
1935,29.3,1.62,-1.38,
1936,29.3,1.62,-1.41,
1937,29.2,1.62,-1.44,
1938,29.2,1.62,-1.47,
1939,29.1,1.62,-1.5,
1940,29.1,1.62,-1.53,
1941,29,1.62,-1.56,
1942,29,1.62,-1.59,
1943,28.9,1.62,-1.61,
1944,28.9,1.62,-1.64,
1945,28.8,1.62,-1.67,
1946,28.8,1.62,-1.7,
1947,28.8,1.62,-1.73,
1948,28.7,1.62,-1.76,
1949,28.7,1.62,-1.79,
1950,28.7,1.62,-1.81,
1951,28.7,1.61,-1.84,
1952,28.6,1.61,-1.87,
1953,28.6,1.61,-1.9,
1954,28.6,1.61,-1.93,
1955,28.6,1.61,-1.95,
1956,28.5,1.6,-1.98,
1957,28.5,1.6,-2.01,
1958,28.5,1.6,-2.03,
1959,28.5,1.59,-2.06,
1960,28.5,1.59,-2.08,
1961,28.5,1.59,-2.11,
1962,28.5,1.58,-2.13,
1963,28.5,1.58,-2.16,
1964,28.5,1.58,-2.18,
1965,28.5,1.57,-2.21,
1966,28.5,1.57,-2.23,
1967,28.5,1.56,-2.25,
1968,28.5,1.56,-2.28,
1969,28.5,1.55,-2.3,
1970,28.5,1.55,-2.32,
1971,28.5,1.54,-2.34,
1972,28.5,1.54,-2.36,
1973,28.5,1.53,-2.39,
1974,28.5,1.52,-2.41,
1975,28.5,1.52,-2.43,
1976,28.6,1.51,-2.45,
1977,28.6,1.51,-2.46,
1978,28.6,1.5,-2.48,
1979,28.6,1.49,-2.5,
1980,28.6,1.49,-2.52,
1981,28.6,1.48,-2.54,
1982,28.7,1.47,-2.55,
1983,28.7,1.47,-2.57,
1984,28.7,1.46,-2.59,
1985,28.7,1.45,-2.6,
1986,28.8,1.44,-2.62,
1987,28.8,1.44,-2.63,
1988,28.8,1.43,-2.65,
1989,28.8,1.42,-2.66,
1990,28.9,1.41,-2.67,
1991,28.9,1.41,-2.69,
1992,28.9,1.4,-2.7,
1993,29,1.39,-2.71,
1994,29,1.38,-2.72,
1995,29,1.37,-2.73,
1996,29.1,1.37,-2.74,
1997,29.1,1.36,-2.75,
1998,29.1,1.35,-2.76,
1999,29.2,1.34,-2.77,
2000,29.2,1.33,-2.78,
2001,29.2,1.32,-2.79,
2002,29.3,1.31,-2.79,
2003,29.3,1.31,-2.8,
2004,29.3,1.3,-2.81,
2005,29.4,1.29,-2.81,
2006,29.4,1.28,-2.82,
2007,29.4,1.27,-2.82,
2008,29.5,1.26,-2.82,
2009,29.5,1.25,-2.83,
2010,29.5,1.24,-2.83,
2011,29.6,1.23,-2.83,
2012,29.6,1.22,-2.83,
2013,29.7,1.21,-2.83,
2014,29.7,1.2,-2.83,
2015,29.7,1.19,-2.83,
2016,29.8,1.19,-2.83,
2017,29.8,1.18,-2.83,
2018,29.8,1.17,-2.83,
2019,29.9,1.16,-2.83,
2020,29.9,1.15,-2.82,
2021,29.9,1.14,-2.82,
2022,30,1.13,-2.81,
2023,30,1.12,-2.81,
2024,30,1.11,-2.8,
2025,30.1,1.1,-2.8,
2026,30.1,1.09,-2.79,
2027,30.1,1.08,-2.78,
2028,30.1,1.07,-2.78,
2029,30.2,1.06,-2.77,
2030,30.2,1.05,-2.76,
2031,30.2,1.04,-2.75,
2032,30.3,1.03,-2.74,
2033,30.3,1.02,-2.73,
2034,30.3,1.01,-2.72,
2035,30.3,1,-2.71,
2036,30.4,0.994,-2.7,
2037,30.4,0.985,-2.69,
2038,30.4,0.975,-2.67,
2039,30.4,0.966,-2.66,
2040,30.4,0.957,-2.65,
2041,30.5,0.947,-2.64,
2042,30.5,0.938,-2.62,
2043,30.5,0.929,-2.61,
2044,30.5,0.92,-2.59,
2045,30.5,0.911,-2.58,
2046,30.6,0.902,-2.56,
2047,30.6,0.893,-2.54,
2048,30.6,0.884,-2.53,
2049,30.6,0.875,-2.51,
2050,30.6,0.866,-2.49,
2051,30.6,0.858,-2.48,
2052,30.6,0.849,-2.46,
2053,30.6,0.841,-2.44,
2054,30.6,0.832,-2.42,
2055,30.6,0.824,-2.4,
2056,30.6,0.816,-2.38,
2057,30.6,0.808,-2.36,
2058,30.6,0.8,-2.34,
2059,30.6,0.792,-2.32,
2060,30.6,0.784,-2.3,
2061,30.6,0.776,-2.28,
2062,30.6,0.768,-2.26,
2063,30.6,0.761,-2.23,
2064,30.6,0.754,-2.21,
2065,30.6,0.746,-2.19,
2066,30.6,0.739,-2.17,
2067,30.6,0.732,-2.14,
2068,30.5,0.725,-2.12,
2069,30.5,0.718,-2.1,
2070,30.5,0.711,-2.07,
2071,30.5,0.705,-2.05,
2072,30.5,0.698,-2.03,
2073,30.4,0.692,-2,
2074,30.4,0.686,-1.98,
2075,30.4,0.679,-1.95,
2076,30.4,0.673,-1.93,
2077,30.3,0.667,-1.9,
2078,30.3,0.662,-1.88,
2079,30.3,0.656,-1.85,
2080,30.2,0.65,-1.83,
2081,30.2,0.645,-1.8,
2082,30.2,0.64,-1.77,
2083,30.1,0.634,-1.75,
2084,30.1,0.629,-1.72,
2085,30,0.624,-1.7,
2086,30,0.619,-1.67,
2087,30,0.615,-1.64,
2088,29.9,0.61,-1.62,
2089,29.9,0.606,-1.59,
2090,29.8,0.601,-1.56,
2091,29.8,0.597,-1.54,
2092,29.7,0.593,-1.51,
2093,29.7,0.589,-1.48,
2094,29.6,0.585,-1.46,
2095,29.6,0.582,-1.43,
2096,29.5,0.578,-1.4,
2097,29.4,0.575,-1.38,
2098,29.4,0.571,-1.35,
2099,29.3,0.568,-1.33,
2100,29.3,0.565,-1.3,
2101,29.2,0.562,-1.27,
2102,29.1,0.559,-1.25,
2103,29.1,0.557,-1.22,
2104,29,0.554,-1.19,
2105,28.9,0.552,-1.17,
2106,28.8,0.55,-1.14,
2107,28.8,0.548,-1.12,
2108,28.7,0.546,-1.09,
2109,28.6,0.544,-1.07,
2110,28.5,0.542,-1.04,
2111,28.5,0.541,-1.01,
2112,28.4,0.54,-0.99,
2113,28.3,0.538,-0.965,
2114,28.2,0.537,-0.94,
2115,28.1,0.536,-0.916,
2116,28.1,0.536,-0.892,
2117,28,0.535,-0.868,
2118,27.9,0.534,-0.844,
2119,27.8,0.534,-0.82,
2120,27.7,0.534,-0.796,
2121,27.6,0.533,-0.773,
2122,27.5,0.533,-0.75,
2123,27.4,0.534,-0.727,
2124,27.3,0.534,-0.705,
2125,27.2,0.534,-0.682,
2126,27.1,0.534,-0.66,
2127,27,0.535,-0.638,
2128,26.9,0.536,-0.616,
2129,26.8,0.536,-0.595,
2130,26.7,0.537,-0.574,
2131,26.6,0.538,-0.553,
2132,26.5,0.539,-0.532,
2133,26.4,0.541,-0.512,
2134,26.3,0.542,-0.492,
2135,26.2,0.543,-0.472,
2136,26.1,0.545,-0.453,
2137,26,0.546,-0.433,
2138,25.9,0.548,-0.415,
2139,25.8,0.55,-0.396,
2140,25.7,0.552,-0.378,
2141,25.6,0.554,-0.36,
2142,25.5,0.556,-0.342,
2143,25.4,0.558,-0.325,
2144,25.3,0.56,-0.308,
2145,25.2,0.563,-0.291,
2146,25,0.565,-0.275,
2147,24.9,0.568,-0.259,
2148,24.8,0.57,-0.244,
2149,24.7,0.573,-0.228,
2150,24.6,0.576,-0.214,
2151,24.5,0.579,-0.199,
2152,24.4,0.581,-0.185,
2153,24.3,0.584,-0.171,
2154,24.1,0.587,-0.158,
2155,24,0.591,-0.145,
2156,23.9,0.594,-0.133,
2157,23.8,0.597,-0.121,
2158,23.7,0.6,-0.109,
2159,23.6,0.604,-0.0977,
2160,23.4,0.607,-0.0869,
2161,23.3,0.611,-0.0765,
2162,23.2,0.614,-0.0665,
2163,23.1,0.618,-0.0569,
2164,23,0.621,-0.0477,
2165,22.9,0.625,-0.0389,
2166,22.7,0.629,-0.0306,
2167,22.6,0.633,-0.0226,
2168,22.5,0.636,-0.015,
2169,22.4,0.64,-0.00781,
2170,22.3,0.644,-0.00102,
2171,22.2,0.648,0.00537,
2172,22.1,0.652,0.0114,
2173,21.9,0.656,0.017,
2174,21.8,0.66,0.0222,
2175,21.7,0.664,0.0271,
2176,21.6,0.668,0.0315,
2177,21.5,0.672,0.0356,
2178,21.4,0.676,0.0393,
2179,21.2,0.681,0.0426,
2180,21.1,0.685,0.0456,
2181,21,0.689,0.0482,
2182,20.9,0.693,0.0504,
2183,20.8,0.697,0.0522,
2184,20.7,0.702,0.0537,
2185,20.6,0.706,0.0548,
2186,20.5,0.71,0.0556,
2187,20.3,0.714,0.056,
2188,20.2,0.718,0.056,
2189,20.1,0.723,0.0557,
2190,20,0.727,0.055,
2191,19.9,0.731,0.054,
2192,19.8,0.735,0.0526,
2193,19.7,0.739,0.0509,
2194,19.6,0.743,0.0488,
2195,19.5,0.748,0.0464,
2196,19.4,0.752,0.0437,
2197,19.3,0.756,0.0406,
2198,19.2,0.76,0.0371,
2199,19.1,0.764,0.0334,
2200,19,0.768,0.0293,
2201,18.9,0.772,0.0249,
2202,18.8,0.776,0.0202,
2203,18.7,0.779,0.0151,
2204,18.6,0.783,0.00971,
2205,18.5,0.787,0.004,
2206,18.4,0.791,-0.00202,
2207,18.3,0.795,-0.00835,
2208,18.2,0.798,-0.015,
2209,18.1,0.802,-0.0219,
2210,18,0.805,-0.0292,
2211,17.9,0.809,-0.0367,
2212,17.8,0.812,-0.0445,
2213,17.7,0.816,-0.0526,
2214,17.6,0.819,-0.061,
2215,17.5,0.822,-0.0696,
2216,17.4,0.826,-0.0785,
2217,17.3,0.829,-0.0877,
2218,17.3,0.832,-0.0971,
2219,17.2,0.835,-0.107,
2220,17.1,0.838,-0.117,
2221,17,0.841,-0.127,
2222,16.9,0.844,-0.137,
2223,16.9,0.846,-0.148,
2224,16.8,0.849,-0.158,
2225,16.7,0.852,-0.169,
2226,16.6,0.854,-0.181,
2227,16.5,0.857,-0.192,
2228,16.5,0.859,-0.203,
2229,16.4,0.862,-0.215,
2230,16.3,0.864,-0.227,
2231,16.2,0.866,-0.239,
2232,16.2,0.869,-0.251,
2233,16.1,0.871,-0.264,
2234,16,0.873,-0.276,
2235,16,0.875,-0.289,
2236,15.9,0.877,-0.302,
2237,15.8,0.878,-0.315,
2238,15.8,0.88,-0.328,
2239,15.7,0.882,-0.341,
2240,15.7,0.883,-0.354,
2241,15.6,0.885,-0.368,
2242,15.5,0.886,-0.381,
2243,15.5,0.887,-0.395,
2244,15.4,0.889,-0.408,
2245,15.4,0.89,-0.422,
2246,15.3,0.891,-0.436,
2247,15.3,0.892,-0.45,
2248,15.2,0.893,-0.463,
2249,15.1,0.893,-0.477,
2250,15.1,0.894,-0.491,
2251,15,0.895,-0.505,
2252,15,0.895,-0.519,
2253,15,0.896,-0.534,
2254,14.9,0.896,-0.548,
2255,14.9,0.896,-0.562,
2256,14.8,0.896,-0.576,
2257,14.8,0.896,-0.59,
2258,14.7,0.896,-0.604,
2259,14.7,0.896,-0.618,
2260,14.7,0.896,-0.632,
2261,14.6,0.895,-0.646,
2262,14.6,0.895,-0.66,
2263,14.6,0.894,-0.674,
2264,14.5,0.894,-0.688,
2265,14.5,0.893,-0.702,
2266,14.5,0.892,-0.716,
2267,14.4,0.891,-0.729,
2268,14.4,0.89,-0.743,
2269,14.4,0.889,-0.757,
2270,14.3,0.888,-0.77,
2271,14.3,0.886,-0.784,
2272,14.3,0.885,-0.797,
2273,14.3,0.884,-0.811,
2274,14.2,0.882,-0.824,
2275,14.2,0.88,-0.837,
2276,14.2,0.879,-0.85,
2277,14.2,0.877,-0.863,
2278,14.2,0.875,-0.876,
2279,14.1,0.873,-0.889,
2280,14.1,0.871,-0.902,
2281,14.1,0.869,-0.914,
2282,14.1,0.867,-0.927,
2283,14.1,0.864,-0.939,
2284,14.1,0.862,-0.951,
2285,14,0.86,-0.963,
2286,14,0.857,-0.975,
2287,14,0.854,-0.987,
2288,14,0.852,-0.998,
2289,14,0.849,-1.01,
2290,14,0.846,-1.02,
2291,14,0.843,-1.03,
2292,14,0.84,-1.04,
2293,14,0.837,-1.05,
2294,13.9,0.834,-1.06,
2295,13.9,0.831,-1.07,
2296,13.9,0.828,-1.08,
2297,13.9,0.824,-1.09,
2298,13.9,0.821,-1.1,
2299,13.9,0.818,-1.11,
2300,13.9,0.814,-1.12,
2301,13.9,0.811,-1.13,
2302,13.9,0.807,-1.14,
2303,13.9,0.803,-1.15,
2304,13.9,0.799,-1.16,
2305,13.9,0.796,-1.17,
2306,13.9,0.792,-1.17,
2307,13.9,0.788,-1.18,
2308,13.9,0.784,-1.19,
2309,13.9,0.78,-1.2,
2310,13.9,0.776,-1.2,
2311,13.9,0.771,-1.21,
2312,13.9,0.767,-1.22,
2313,13.9,0.763,-1.22,
2314,13.9,0.759,-1.23,
2315,13.9,0.754,-1.24,
2316,13.9,0.75,-1.24,
2317,13.9,0.745,-1.25,
2318,13.9,0.741,-1.25,
2319,14,0.736,-1.26,
2320,14,0.732,-1.26,
2321,14,0.727,-1.27,
2322,14,0.723,-1.27,
2323,14,0.718,-1.27,
2324,14,0.713,-1.28,
2325,14,0.708,-1.28,
2326,14,0.704,-1.28,
2327,14,0.699,-1.29,
2328,14,0.694,-1.29,
2329,14,0.689,-1.29,
2330,14,0.684,-1.29,
2331,14,0.679,-1.3,
2332,14,0.674,-1.3,
2333,14,0.669,-1.3,
2334,14.1,0.665,-1.3,
2335,14.1,0.66,-1.3,
2336,14.1,0.655,-1.3,
2337,14.1,0.65,-1.3,
2338,14.1,0.645,-1.3,
2339,14.1,0.64,-1.3,
2340,14.1,0.634,-1.3,
2341,14.1,0.629,-1.3,
2342,14.1,0.624,-1.3,
2343,14.1,0.619,-1.3,
2344,14.1,0.614,-1.3,
2345,14.1,0.609,-1.3,
2346,14.2,0.604,-1.3,
2347,14.2,0.599,-1.3,
2348,14.2,0.594,-1.29,
2349,14.2,0.589,-1.29,
2350,14.2,0.584,-1.29,
2351,14.2,0.579,-1.29,
2352,14.2,0.574,-1.28,
2353,14.2,0.569,-1.28,
2354,14.2,0.564,-1.28,
2355,14.2,0.559,-1.27,
2356,14.2,0.554,-1.27,
2357,14.2,0.549,-1.27,
2358,14.2,0.544,-1.26,
2359,14.2,0.539,-1.26,
2360,14.2,0.535,-1.25,
2361,14.2,0.53,-1.25,
2362,14.2,0.525,-1.24,
2363,14.2,0.52,-1.24,
2364,14.2,0.515,-1.23,
2365,14.2,0.511,-1.23,
2366,14.2,0.506,-1.22,
2367,14.2,0.501,-1.21,
2368,14.2,0.497,-1.21,
2369,14.2,0.492,-1.2,
2370,14.2,0.487,-1.19,
2371,14.2,0.483,-1.19,
2372,14.2,0.478,-1.18,
2373,14.2,0.474,-1.17,
2374,14.2,0.469,-1.17,
2375,14.2,0.465,-1.16,
2376,14.2,0.46,-1.15,
2377,14.2,0.456,-1.14,
2378,14.2,0.452,-1.13,
2379,14.2,0.448,-1.13,
2380,14.2,0.443,-1.12,
2381,14.2,0.439,-1.11,
2382,14.2,0.435,-1.1,
2383,14.2,0.431,-1.09,
2384,14.2,0.427,-1.08,
2385,14.2,0.423,-1.07,
2386,14.2,0.419,-1.07,
2387,14.2,0.415,-1.06,
2388,14.2,0.411,-1.05,
2389,14.2,0.408,-1.04,
2390,14.1,0.404,-1.03,
2391,14.1,0.4,-1.02,
2392,14.1,0.397,-1.01,
2393,14.1,0.393,-1,
2394,14.1,0.39,-0.99,
2395,14.1,0.386,-0.98,
2396,14.1,0.383,-0.97,
2397,14.1,0.379,-0.96,
2398,14,0.376,-0.95,
2399,14,0.373,-0.939,
2400,14,0.37,-0.929,
2401,14,0.367,-0.919,
2402,14,0.364,-0.908,
2403,14,0.361,-0.898,
2404,13.9,0.358,-0.887,
2405,13.9,0.355,-0.877,
2406,13.9,0.353,-0.866,
2407,13.9,0.35,-0.856,
2408,13.9,0.347,-0.845,
2409,13.8,0.345,-0.834,
2410,13.8,0.342,-0.824,
2411,13.8,0.34,-0.813,
2412,13.8,0.338,-0.802,
2413,13.7,0.336,-0.791,
2414,13.7,0.333,-0.781,
2415,13.7,0.331,-0.77,
2416,13.7,0.329,-0.759,
2417,13.6,0.327,-0.748,
2418,13.6,0.325,-0.738,
2419,13.6,0.323,-0.727,
2420,13.6,0.322,-0.716,
2421,13.5,0.32,-0.706,
2422,13.5,0.318,-0.695,
2423,13.5,0.316,-0.684,
2424,13.4,0.315,-0.674,
2425,13.4,0.313,-0.663,
2426,13.4,0.312,-0.652,
2427,13.3,0.311,-0.642,
2428,13.3,0.309,-0.631,
2429,13.3,0.308,-0.621,
2430,13.2,0.307,-0.611,
2431,13.2,0.305,-0.6,
2432,13.2,0.304,-0.59,
2433,13.1,0.303,-0.58,
2434,13.1,0.302,-0.57,
2435,13.1,0.301,-0.56,
2436,13,0.3,-0.55,
2437,13,0.3,-0.54,
2438,13,0.299,-0.531,
2439,12.9,0.298,-0.521,
2440,12.9,0.297,-0.511,
2441,12.9,0.297,-0.502,
2442,12.8,0.296,-0.493,
2443,12.8,0.295,-0.483,
2444,12.8,0.295,-0.474,
2445,12.7,0.294,-0.465,
2446,12.7,0.294,-0.457,
2447,12.6,0.294,-0.448,
2448,12.6,0.293,-0.439,
2449,12.6,0.293,-0.431,
2450,12.5,0.293,-0.423,
2451,12.5,0.292,-0.414,
2452,12.4,0.292,-0.406,
2453,12.4,0.292,-0.399,
2454,12.4,0.292,-0.391,
2455,12.3,0.292,-0.383,
2456,12.3,0.292,-0.376,
2457,12.3,0.292,-0.369,
2458,12.2,0.292,-0.362,
2459,12.2,0.292,-0.355,
2460,12.1,0.293,-0.348,
2461,12.1,0.293,-0.341,
2462,12.1,0.293,-0.335,
2463,12,0.293,-0.328,
2464,12,0.294,-0.322,
2465,11.9,0.294,-0.316,
2466,11.9,0.295,-0.31,
2467,11.8,0.295,-0.304,
2468,11.8,0.296,-0.298,
2469,11.8,0.296,-0.293,
2470,11.7,0.297,-0.287,
2471,11.7,0.298,-0.282,
2472,11.6,0.298,-0.277,
2473,11.6,0.299,-0.272,
2474,11.5,0.3,-0.267,
2475,11.5,0.301,-0.262,
2476,11.5,0.302,-0.258,
2477,11.4,0.303,-0.253,
2478,11.4,0.304,-0.249,
2479,11.3,0.305,-0.245,
2480,11.3,0.306,-0.24,
2481,11.2,0.308,-0.236,
2482,11.2,0.309,-0.233,
2483,11.1,0.31,-0.229,
2484,11.1,0.312,-0.225,
2485,11,0.313,-0.222,
2486,11,0.314,-0.218,
2487,11,0.316,-0.215,
2488,10.9,0.318,-0.212,
2489,10.9,0.319,-0.209,
2490,10.8,0.321,-0.206,
2491,10.8,0.323,-0.203,
2492,10.7,0.325,-0.2,
2493,10.7,0.326,-0.198,
2494,10.6,0.328,-0.195,
2495,10.6,0.33,-0.193,
2496,10.5,0.332,-0.19,
2497,10.5,0.334,-0.188,
2498,10.4,0.337,-0.186,
2499,10.4,0.339,-0.184,
2500,10.3,0.341,-0.182,
,,,,
,,,,
